id,first_name,last_name,created_at,deleted_at
1,Wesley,Garcia,2020-08-01 02:45:22,2020-10-03 07:40:19
2,Joseph,Thomas,2020-08-03 23:12:34,2020-11-16 10:43:26
3,Rebecca,Rowe,2020-08-05 01:04:35,2020-10-25 01:23:25
4,Amanda,Lee,2020-08-07 07:36:49,
5,David,Downs,2020-08-08 17:21:55,
6,Timothy,Little,2020-08-10 09:32:31,
7,Madison,Miller,2020-08-12 06:23:10,2020-12-02 21:22:57
8,Anthony,French,2020-08-14 06:19:08,
9,William,Knapp,2020-08-14 16:11:08,2020-10-03 16:01:51
10,John,Robbins,2020-08-17 00:52:09,2020-11-28 13:12:22
11,Patrick,Edwards,2020-08-19 01:42:02,
12,Ashley,Bell,2020-08-19 20:36:58,
13,Colleen,Potter,2020-08-20 15:36:25,2020-11-08 09:33:02
14,Stephen,Goodman,2020-08-23 07:57:43,
15,Michelle,Rowland,2020-08-24 13:27:55,
16,James,Jones,2020-08-25 01:48:08,2020-10-07 15:04:21
17,Adam,Hernandez,2020-08-25 06:42:16,
18,Kimberly,Wallace,2020-08-25 13:21:20,
19,Anthony,Stout,2020-08-28 03:55:53,
20,Barbara,Sanders,2020-08-30 23:27:00,2020-12-23 02:43:24
21,Luis,Gray,2020-09-01 23:27:09,
22,Maria,Lee,2020-09-03 05:15:34,
23,Shirley,Foley,2020-09-06 01:40:42,2020-11-29 11:34:45
24,John,Prince,2020-09-06 20:36:59,
25,Dana,Buckley,2020-09-08 19:51:29,
26,Laura,Brown,2020-09-09 01:21:36,
27,Andrea,Hutchinson,2020-09-11 17:59:47,2020-11-13 06:40:10
28,Wayne,Carter,2020-09-11 19:55:44,2020-12-15 04:55:51
29,Jeremy,Lee,2020-09-12 19:12:16,
30,Cody,Lewis,2020-09-12 19:42:24,2020-11-04 21:27:25
31,Earl,Henderson,2020-09-14 23:46:17,
32,James,Christian,2020-09-17 15:42:38,
33,Melanie,Maldonado,2020-09-18 01:55:37,
34,Cindy,Byrd,2020-09-20 07:56:04,2020-12-15 20:20:55
35,Bethany,Harvey,2020-09-23 01:30:20,
36,Amber,Sims,2020-09-24 06:42:05,2020-10-27 05:07:40
37,Patrick,Neal,2020-09-25 05:02:18,
38,Tyler,Lozano,2020-09-26 16:26:46,
39,Renee,Davis,2020-09-27 15:42:40,2021-01-12 06:13:48
40,Kimberly,Baker,2020-09-29 18:05:46,
41,Nicholas,Smith,2020-09-30 21:25:29,2021-01-25 11:45:34
42,Zachary,Rosales,2020-10-02 05:20:32,
43,Katherine,Gibbs,2020-10-03 13:12:32,2020-11-05 15:31:07
44,Amanda,Taylor,2020-10-04 11:27:58,
45,Roy,Nash,2020-10-07 01:16:48,
46,Victoria,Robbins,2020-10-07 09:58:08,
47,Elizabeth,Golden,2020-10-08 14:47:05,
48,Amy,Avila,2020-10-11 08:06:52,
49,Jeffery,Jenkins,2020-10-13 01:15:53,2020-11-27 00:19:59
50,Brandon,Rodriguez,2020-10-13 11:03:17,2021-01-11 17:38:32
51,Melvin,Hunter,2020-10-15 07:29:33,
52,Gregory,Casey,2020-10-17 02:12:24,
53,Jonathan,Welch,2020-10-19 22:16:15,
54,Nicole,Callahan,2020-10-21 16:12:07,
55,Gary,Carter,2020-10-24 09:15:03,2021-02-09 12:22:16
56,Alan,Lopez,2020-10-26 07:16:12,
57,William,Carlson,2020-10-27 15:24:11,2021-02-16 09:00:02
58,Taylor,Wilson,2020-10-30 10:04:50,
59,Kimberly,Irwin,2020-10-31 09:13:50,2021-02-09 11:50:53
60,Jasmine,Jenkins,2020-11-02 12:56:00,
61,Megan,Diaz,2020-11-03 01:04:56,
62,Victor,Rogers,2020-11-05 14:47:24,2020-12-18 11:55:02
63,Hannah,Chapman,2020-11-07 16:02:24,2021-03-01 15:26:05
64,James,Bauer,2020-11-09 17:17:18,2021-01-06 10:27:39
65,Rodney,Graham,2020-11-10 06:51:44,
66,Michelle,Horne,2020-11-11 14:57:21,
67,Patrick,Hampton,2020-11-13 15:52:11,2021-03-03 13:11:51
68,William,Scott,2020-11-16 04:34:24,2020-12-19 13:33:51
69,Mary,Perez,2020-11-17 09:30:15,
70,Jenna,Johnson,2020-11-19 17:58:54,
71,Heather,Tran,2020-11-21 17:23:11,
72,Manuel,Booth,2020-11-23 09:16:20,
73,Jamie,Good,2020-11-25 19:52:32,
74,Norman,Dixon,2020-11-28 01:48:04,2021-02-08 06:23:01
75,Courtney,Mcmillan,2020-11-28 08:17:22,
76,Sheryl,Rodriguez,2020-11-28 09:19:07,
77,Seth,Tucker,2020-11-29 22:39:17,
78,Randy,Haney,2020-11-30 23:38:11,2021-01-13 14:34:31
79,John,Bray,2020-12-03 16:28:56,2021-03-18 16:37:28
80,Emily,Davis,2020-12-05 06:38:00,
81,Shannon,Miller,2020-12-06 07:26:37,
82,Miranda,Jordan,2020-12-09 00:16:13,
83,Chloe,Sanchez,2020-12-10 01:57:15,2021-04-04 11:46:56
84,Aaron,Mclean,2020-12-12 10:57:31,
85,Lori,Roberts,2020-12-13 20:14:04,
86,Harold,Perry,2020-12-14 17:35:29,2021-01-16 00:54:46
87,Marie,Schwartz,2020-12-15 04:56:33,
88,Karen,Lamb,2020-12-16 20:26:16,2021-02-26 17:36:35
89,Carlos,Stewart,2020-12-19 13:41:23,
90,Krystal,Perez,2020-12-21 00:35:21,
91,Patricia,Byrd,2020-12-21 10:02:13,
92,Kevin,Parker,2020-12-21 11:44:44,2021-01-26 01:42:57
93,Marcus,Smith,2020-12-22 15:17:51,2021-03-25 19:23:30
94,Karen,Harmon,2020-12-23 17:25:32,2021-03-28 04:21:57
95,Daniel,Newton,2020-12-26 16:41:33,
96,Christopher,Lewis,2020-12-26 20:13:28,
97,John,Jenkins,2020-12-27 22:15:24,2021-04-10 04:18:09
98,Joseph,Solis,2020-12-29 19:15:49,
99,Doris,Price,2020-12-30 07:46:29,
100,Virginia,Brown,2020-12-31 11:41:56,
101,Lauren,Bates,2021-01-02 16:45:46,
102,Marcus,Li,2021-01-04 08:26:45,
103,Katherine,Petersen,2021-01-06 23:41:23,
104,Bradley,Martin,2021-01-09 16:32:51,
105,David,Lewis,2021-01-09 23:27:05,
106,Alfred,Gutierrez,2021-01-12 11:11:38,
107,David,Moore,2021-01-13 14:03:22,
108,Tina,Ryan,2021-01-14 11:57:38,
109,Lauren,Chen,2021-01-17 09:14:06,
110,Spencer,Thomas,2021-01-18 03:33:51,2021-05-08 14:46:34
111,Curtis,Leon,2021-01-19 08:42:59,
112,Christopher,Brown,2021-01-21 22:48:41,
113,Donna,Adams,2021-01-22 10:37:31,
114,Emily,Anderson,2021-01-25 07:04:41,
115,Lauren,Robinson,2021-01-25 12:13:57,
116,Emily,Rodriguez,2021-01-27 08:11:23,
117,Gina,Harper,2021-01-28 15:09:51,
118,Paul,Smith,2021-01-31 08:02:18,
119,Debra,Wood,2021-02-02 01:55:02,
120,Tina,Hall,2021-02-04 07:07:13,
121,Melissa,Robinson,2021-02-05 19:25:33,2021-04-14 19:21:50
122,Eric,Chen,2021-02-08 00:45:34,
123,Dakota,Fisher,2021-02-10 10:50:27,2021-03-31 22:39:50
